13648650,BeAPro113 (BeAPro113),a003. å…©å…‰æ³•å¸«å åœè¡“,"AC (19ms, 3.3MB)",PYTHON,2024-04-08 22:37
13648777,TestCase2024 (TestCase2024),a001. «¢Åo -- Brian Kernighan,"AC (27ms, 3.3MB)",PYTHON,2024-04-08 22:48
13648807,TestCase2024 (TestCase2024),a001. «¢Åo -- Brian Kernighan,"AC (18ms, 3.3MB)",PYTHON,2024-04-08 22:51
13648827,TestCase2024 (TestCase2024),a001. «¢Åo -- Brian Kernighan,"AC (17ms, 3.3MB)",PYTHON,2024-04-08 22:53
13690555,TestCase2024 (TestCase2024),a001. «¢Åo -- Brian Kernighan,"AC (19ms, 3.3MB)",PYTHON,2024-04-14 11:07
13690556,BeAPro113 (BeAPro113),a001. «¢Åo -- Brian Kernighan,"AC (18ms, 3.3MB)",PYTHON,2024-04-14 11:07
13690768,TestCase2024 (TestCase2024),a001. «¢Åo -- Brian Kernighan,"AC (18ms, 3.3MB)",PYTHON,2024-04-14 11:37
13690769,yyyiii (yyyiii),a001. «¢Åo -- Brian Kernighan,"AC (18ms, 3.3MB)",PYTHON,2024-04-14 11:37
13691183,yyyiii (yyyiii),a001. «¢Åo -- Brian Kernighan,"AC (18ms, 3.3MB)",PYTHON,2024-04-14 13:04
13694162,TestCase2024 (TestCase2024),a001. «¢Åo -- Brian Kernighan,"AC (17ms, 3.3MB)",PYTHON,2024-04-14 23:31
13694168,BeAPro113 (BeAPro113),a001. «¢Åo -- Brian Kernighan,"AC (17ms, 3.3MB)",PYTHON,2024-04-14 23:35
13694596,BeAPro113 (BeAPro113),a001. «¢Åo -- Brian Kernighan,"AC (18ms, 3.3MB)",PYTHON,2024-04-15 07:50
13696253,TestCase2024 (TestCase2024),a001. «¢Åo -- Brian Kernighan,"AC (17ms, 3.3MB)",PYTHON,2024-04-15 09:51
13696325,yyyiii (yyyiii),a001. «¢Åo -- Brian Kernighan,"AC (18ms, 3.3MB)",PYTHON,2024-04-15 09:58
13696342,TestCase2024 (TestCase2024),a001. «¢Åo -- Brian Kernighan,"AC (18ms, 3.3MB)",PYTHON,2024-04-15 09:59
